temp,hum,press,datetime
33.70653533935547,29.280479431152344,1014.4853515625,2020-11-21 02:06:15.753183
33.687339782714844,29.280479431152344,1014.50341796875,2020-11-21 02:06:17.754091
33.610565185546875,29.266637802124023,1014.49072265625,2020-11-21 02:06:19.754928
33.59136962890625,29.26317596435547,1014.510986328125,2020-11-21 02:06:21.757369
33.610565185546875,29.266637802124023,1014.501708984375,2020-11-21 02:06:23.760210
33.70653533935547,29.280479431152344,1014.51171875,2020-11-21 02:06:25.761798
33.552982330322266,29.259716033935547,1014.498291015625,2020-11-21 02:06:27.767489
33.495399475097656,29.24933433532715,1014.505859375,2020-11-21 02:06:29.777806
33.552982330322266,29.259716033935547,1014.472412109375,2020-11-21 02:06:31.778573
33.495399475097656,29.24933433532715,1014.476806640625,2020-11-21 02:06:33.779181
33.59136962890625,29.26317596435547,1014.471923828125,2020-11-21 02:06:35.781282
33.572174072265625,29.26317596435547,1014.456298828125,2020-11-21 02:06:37.783673
33.572174072265625,29.26317596435547,1014.4609375,2020-11-21 02:06:39.784679
33.51459503173828,29.252796173095703,1014.4765625,2020-11-21 02:06:41.785555
33.45701217651367,29.245874404907227,1014.44677734375,2020-11-21 02:06:43.785990
33.45701217651367,29.245874404907227,1014.45751953125,2020-11-21 02:06:45.787937
33.39942932128906,29.235492706298828,1014.464111328125,2020-11-21 02:06:47.789012
33.39942932128906,29.235492706298828,1014.475341796875,2020-11-21 02:06:49.791834
33.41862487792969,29.23895263671875,1014.47998046875,2020-11-21 02:06:51.794754
33.34184646606445,29.228572845458984,1014.524169921875,2020-11-21 02:06:53.795553
33.39942932128906,29.235492706298828,1014.53759765625,2020-11-21 02:06:55.797355
33.36103820800781,29.228572845458984,1014.52587890625,2020-11-21 02:06:57.801116
33.24587631225586,29.21126937866211,1014.526611328125,2020-11-21 02:06:59.802629
33.169097900390625,29.20088768005371,1014.517822265625,2020-11-21 02:07:01.803977
33.32265090942383,29.22511100769043,1014.5126953125,2020-11-21 02:07:03.805905
33.24587631225586,29.21126937866211,1014.533935546875,2020-11-21 02:07:05.808114
33.13071060180664,29.193965911865234,1014.524169921875,2020-11-21 02:07:07.808781
33.169097900390625,29.21472930908203,1014.474365234375,2020-11-21 02:07:09.811567
33.207489013671875,29.207809448242188,1014.48193359375,2020-11-21 02:07:11.812691
33.207489013671875,29.207809448242188,1014.493408203125,2020-11-21 02:07:13.816916
33.169097900390625,29.20088768005371,1014.52734375,2020-11-21 02:07:15.817487
33.092323303222656,29.190505981445312,1014.515625,2020-11-21 02:07:17.817859
32.99635314941406,29.176664352416992,1014.52734375,2020-11-21 02:07:19.818663
33.111515045166016,29.193965911865234,1014.5107421875,2020-11-21 02:07:21.821315
33.149906158447266,29.19742774963379,1014.5087890625,2020-11-21 02:07:23.822523
33.149906158447266,29.19742774963379,1014.5341796875,2020-11-21 02:07:25.824069
33.207489013671875,29.207809448242188,1014.522216796875,2020-11-21 02:07:27.825420
33.18829345703125,29.204347610473633,1014.530517578125,2020-11-21 02:07:29.827774
33.13071060180664,29.193965911865234,1014.505126953125,2020-11-21 02:07:31.828350
33.149906158447266,29.19742774963379,1014.46875,2020-11-21 02:07:33.829792
32.99635314941406,29.176664352416992,1014.5009765625,2020-11-21 02:07:35.831172
33.07312774658203,29.18704605102539,1014.47705078125,2020-11-21 02:07:37.831835
33.149906158447266,29.19742774963379,1014.4951171875,2020-11-21 02:07:39.834371
33.053932189941406,29.18358612060547,1014.47900390625,2020-11-21 02:07:41.836427
33.111515045166016,29.193965911865234,1014.4619140625,2020-11-21 02:07:43.839900
33.092323303222656,29.190505981445312,1014.468994140625,2020-11-21 02:07:45.840838
33.149906158447266,29.19742774963379,1014.49365234375,2020-11-21 02:07:47.841224
33.18829345703125,29.190505981445312,1014.4638671875,2020-11-21 02:07:49.844014
33.226680755615234,29.21126937866211,1014.505615234375,2020-11-21 02:07:51.846154
33.07312774658203,29.18704605102539,1014.476806640625,2020-11-21 02:07:53.847620
33.149906158447266,29.19742774963379,1014.471435546875,2020-11-21 02:07:55.849884
33.053932189941406,29.18358612060547,1014.49658203125,2020-11-21 02:07:57.851540
33.053932189941406,29.18358612060547,1014.475341796875,2020-11-21 02:07:59.853443
33.01554489135742,29.176664352416992,1014.4853515625,2020-11-21 02:08:01.854040
32.99635314941406,29.176664352416992,1014.467041015625,2020-11-21 02:08:03.854877
33.03474044799805,29.180124282836914,1014.4951171875,2020-11-21 02:08:05.855432
32.97715759277344,29.17320442199707,1014.466552734375,2020-11-21 02:08:07.857471
33.03474044799805,29.180124282836914,1014.491455078125,2020-11-21 02:08:09.859068
32.99635314941406,29.176664352416992,1014.490234375,2020-11-21 02:08:11.862197
33.01554489135742,29.176664352416992,1014.486328125,2020-11-21 02:08:13.862764
33.03474044799805,29.180124282836914,1014.51513671875,2020-11-21 02:08:15.867196
33.053932189941406,29.18358612060547,1014.493408203125,2020-11-21 02:08:17.868730
33.18829345703125,29.204347610473633,1014.50146484375,2020-11-21 02:08:19.869245
32.97715759277344,29.17320442199707,1014.485595703125,2020-11-21 02:08:21.871396
32.99635314941406,29.176664352416992,1014.489990234375,2020-11-21 02:08:23.872609
32.97715759277344,29.17320442199707,1014.495849609375,2020-11-21 02:08:25.873458
33.053932189941406,29.18358612060547,1014.510009765625,2020-11-21 02:08:27.875061
33.07312774658203,29.18704605102539,1014.50244140625,2020-11-21 02:08:29.877398
33.07312774658203,29.18704605102539,1014.48583984375,2020-11-21 02:08:31.878990
32.93877029418945,29.166282653808594,1014.49951171875,2020-11-21 02:08:33.881131
32.97715759277344,29.17320442199707,1014.5205078125,2020-11-21 02:08:35.882251
33.01554489135742,29.176664352416992,1014.524658203125,2020-11-21 02:08:37.884248
32.99635314941406,29.176664352416992,1014.521240234375,2020-11-21 02:08:39.884705
32.95796203613281,29.169742584228516,1014.508056640625,2020-11-21 02:08:41.885926
32.99635314941406,29.176664352416992,1014.5400390625,2020-11-21 02:08:43.888193
32.91957473754883,29.162822723388672,1014.485107421875,2020-11-21 02:08:45.890532
33.053932189941406,29.18358612060547,1014.52734375,2020-11-21 02:08:47.892380
32.90038299560547,29.162822723388672,1014.517822265625,2020-11-21 02:08:49.893754
33.01554489135742,29.176664352416992,1014.512939453125,2020-11-21 02:08:51.895106
32.97715759277344,29.17320442199707,1014.514404296875,2020-11-21 02:08:53.895733
32.93877029418945,29.166282653808594,1014.514404296875,2020-11-21 02:08:55.897627
33.03474044799805,29.180124282836914,1014.495849609375,2020-11-21 02:08:57.901588
32.91957473754883,29.162822723388672,1014.510986328125,2020-11-21 02:08:59.902782
32.97715759277344,29.17320442199707,1014.51513671875,2020-11-21 02:09:01.904423
32.95796203613281,29.169742584228516,1014.49658203125,2020-11-21 02:09:03.905232
32.823604583740234,29.14897918701172,1014.46923828125,2020-11-21 02:09:05.907351
32.881187438964844,29.159360885620117,1014.49462890625,2020-11-21 02:09:07.910299
32.90038299560547,29.162822723388672,1014.458251953125,2020-11-21 02:09:09.911629
32.97715759277344,29.17320442199707,1014.430908203125,2020-11-21 02:09:11.915559
32.91957473754883,29.162822723388672,1014.47802734375,2020-11-21 02:09:13.918073
33.053932189941406,29.18358612060547,1014.483642578125,2020-11-21 02:09:15.919901
32.881187438964844,29.159360885620117,1014.480712890625,2020-11-21 02:09:17.920831
32.91957473754883,29.162822723388672,1014.48046875,2020-11-21 02:09:19.921268
32.90038299560547,29.162822723388672,1014.468017578125,2020-11-21 02:09:21.922301
32.881187438964844,29.159360885620117,1014.47607421875,2020-11-21 02:09:23.924618
32.91957473754883,29.162822723388672,1014.478759765625,2020-11-21 02:09:25.927012
32.95796203613281,29.169742584228516,1014.464111328125,2020-11-21 02:09:27.929554
32.823604583740234,29.14897918701172,1014.4482421875,2020-11-21 02:09:29.931005
32.823604583740234,29.155900955200195,1014.439208984375,2020-11-21 02:09:31.932549
32.91957473754883,29.162822723388672,1014.46435546875,2020-11-21 02:09:33.934882
32.78521728515625,29.145519256591797,1014.480224609375,2020-11-21 02:09:35.938550
32.766021728515625,29.142059326171875,1014.452880859375,2020-11-21 02:09:37.940226
32.650856018066406,29.124755859375,1014.469970703125,2020-11-21 02:09:39.942107
32.67005157470703,29.128217697143555,1014.46923828125,2020-11-21 02:09:41.943168
32.67005157470703,29.128217697143555,1014.48583984375,2020-11-21 02:09:43.945369
32.842796325683594,29.152441024780273,1014.451904296875,2020-11-21 02:09:45.950527
32.72763442993164,29.1351375579834,1014.450927734375,2020-11-21 02:09:47.957771
32.708438873291016,29.131677627563477,1014.464599609375,2020-11-21 02:09:49.958953
32.63166046142578,29.121295928955078,1014.45947265625,2020-11-21 02:09:51.959739
32.766021728515625,29.142059326171875,1014.479248046875,2020-11-21 02:09:53.960207
32.689247131347656,29.128217697143555,1014.4560546875,2020-11-21 02:09:55.961499
32.78521728515625,29.145519256591797,1014.462646484375,2020-11-21 02:09:57.964038
32.67005157470703,29.128217697143555,1014.46533203125,2020-11-21 02:09:59.968297
32.63166046142578,29.121295928955078,1014.48583984375,2020-11-21 02:10:01.972959
32.63166046142578,29.121295928955078,1014.4404296875,2020-11-21 02:10:03.974708
32.4973030090332,29.10053253173828,1014.44091796875,2020-11-21 02:10:05.976507
32.57408142089844,29.11091423034668,1014.459716796875,2020-11-21 02:10:07.977758
32.67005157470703,29.128217697143555,1014.44873046875,2020-11-21 02:10:09.978549
32.708438873291016,29.131677627563477,1014.480712890625,2020-11-21 02:10:11.981217
32.650856018066406,29.124755859375,1014.468017578125,2020-11-21 02:10:13.981828
32.57408142089844,29.11091423034668,1014.47265625,2020-11-21 02:10:15.982597
32.63166046142578,29.121295928955078,1014.488525390625,2020-11-21 02:10:17.987523
32.650856018066406,29.124755859375,1014.488037109375,2020-11-21 02:10:19.998207
32.689247131347656,29.128217697143555,1014.4794921875,2020-11-21 02:10:21.999254
32.57408142089844,29.11091423034668,1014.446533203125,2020-11-21 02:10:24.000972
32.55488586425781,29.11091423034668,1014.48583984375,2020-11-21 02:10:26.001745
32.708438873291016,29.131677627563477,1014.507568359375,2020-11-21 02:10:28.003080
32.67005157470703,29.128217697143555,1014.50537109375,2020-11-21 02:10:30.007310
32.650856018066406,29.124755859375,1014.49365234375,2020-11-21 02:10:32.008207
32.63166046142578,29.121295928955078,1014.4873046875,2020-11-21 02:10:34.009420
32.57408142089844,29.11091423034668,1014.5341796875,2020-11-21 02:10:36.010482
32.61246871948242,29.117835998535156,1014.507568359375,2020-11-21 02:10:38.012688
32.63166046142578,29.121295928955078,1014.507568359375,2020-11-21 02:10:40.013355
32.67005157470703,29.128217697143555,1014.511962890625,2020-11-21 02:10:42.014022
32.5932731628418,29.1143741607666,1014.50048828125,2020-11-21 02:10:44.015094
32.650856018066406,29.124755859375,1014.499755859375,2020-11-21 02:10:46.016125
32.78521728515625,29.145519256591797,1014.5078125,2020-11-21 02:10:48.016645
32.63166046142578,29.121295928955078,1014.51953125,2020-11-21 02:10:50.018688
32.67005157470703,29.128217697143555,1014.52880859375,2020-11-21 02:10:52.022635
32.689247131347656,29.128217697143555,1014.514892578125,2020-11-21 02:10:54.024699
32.708438873291016,29.131677627563477,1014.50244140625,2020-11-21 02:10:56.025542
32.650856018066406,29.124755859375,1014.524658203125,2020-11-21 02:10:58.028005
32.650856018066406,29.124755859375,1014.51416015625,2020-11-21 02:11:00.030047
32.689247131347656,29.128217697143555,1014.49169921875,2020-11-21 02:11:02.031868
32.57408142089844,29.11091423034668,1014.51025390625,2020-11-21 02:11:04.033408
32.5932731628418,29.1143741607666,1014.511474609375,2020-11-21 02:11:06.034525
32.689247131347656,29.128217697143555,1014.52490234375,2020-11-21 02:11:08.035578
32.650856018066406,29.124755859375,1014.51953125,2020-11-21 02:11:10.037460
32.650856018066406,29.124755859375,1014.523193359375,2020-11-21 02:11:12.042328
32.67005157470703,29.128217697143555,1014.4970703125,2020-11-21 02:11:14.043910
32.67005157470703,29.128217697143555,1014.4970703125,2020-11-21 02:11:16.045172
32.5932731628418,29.1143741607666,1014.4482421875,2020-11-21 02:11:18.049894
32.766021728515625,29.142059326171875,1014.46875,2020-11-21 02:11:20.051341
32.746826171875,29.138599395751953,1014.467041015625,2020-11-21 02:11:22.053045
32.708438873291016,29.131677627563477,1014.457763671875,2020-11-21 02:11:24.057102
32.708438873291016,29.131677627563477,1014.474609375,2020-11-21 02:11:26.058168
32.67005157470703,29.128217697143555,1014.491455078125,2020-11-21 02:11:28.059916
32.72763442993164,29.1351375579834,1014.4638671875,2020-11-21 02:11:30.062147
32.708438873291016,29.131677627563477,1014.4755859375,2020-11-21 02:11:32.065478
32.72763442993164,29.1351375579834,1014.484619140625,2020-11-21 02:11:34.066201
32.5932731628418,29.1143741607666,1014.470458984375,2020-11-21 02:11:36.067330
32.67005157470703,29.128217697143555,1014.49853515625,2020-11-21 02:11:38.069331
32.67005157470703,29.128217697143555,1014.461181640625,2020-11-21 02:11:40.070850
32.63166046142578,29.121295928955078,1014.455810546875,2020-11-21 02:11:42.079902
32.708438873291016,29.131677627563477,1014.507568359375,2020-11-21 02:11:44.080287
32.5932731628418,29.1143741607666,1014.498291015625,2020-11-21 02:11:46.082197
32.63166046142578,29.121295928955078,1014.47265625,2020-11-21 02:11:48.085541
32.63166046142578,29.121295928955078,1014.46533203125,2020-11-21 02:11:50.086175
32.61246871948242,29.117835998535156,1014.474853515625,2020-11-21 02:11:52.091028
32.63166046142578,29.121295928955078,1014.47705078125,2020-11-21 02:11:54.092210
32.55488586425781,29.11091423034668,1014.481689453125,2020-11-21 02:11:56.094107
32.53569030761719,29.107454299926758,1014.5048828125,2020-11-21 02:11:58.097018
32.53569030761719,29.107454299926758,1014.470458984375,2020-11-21 02:12:00.097614
32.55488586425781,29.103992462158203,1014.478271484375,2020-11-21 02:12:02.100374
32.63166046142578,29.121295928955078,1014.47802734375,2020-11-21 02:12:04.103168
32.57408142089844,29.11091423034668,1014.487548828125,2020-11-21 02:12:06.105126
32.51649856567383,29.103992462158203,1014.47265625,2020-11-21 02:12:08.105756
32.5932731628418,29.1143741607666,1014.48095703125,2020-11-21 02:12:10.106517
32.45891571044922,29.093612670898438,1014.4951171875,2020-11-21 02:12:12.109086
32.61246871948242,29.117835998535156,1014.497802734375,2020-11-21 02:12:14.111257
32.53569030761719,29.107454299926758,1014.46728515625,2020-11-21 02:12:16.112700
32.63166046142578,29.121295928955078,1014.472900390625,2020-11-21 02:12:18.114765
32.478111267089844,29.09707260131836,1014.46533203125,2020-11-21 02:12:20.117409
32.53569030761719,29.107454299926758,1014.461669921875,2020-11-21 02:12:22.119488
32.5932731628418,29.1143741607666,1014.506103515625,2020-11-21 02:12:24.120277
32.57408142089844,29.11091423034668,1014.48828125,2020-11-21 02:12:26.122329
32.51649856567383,29.103992462158203,1014.49560546875,2020-11-21 02:12:28.123224
32.61246871948242,29.117835998535156,1014.5498046875,2020-11-21 02:12:30.125509
32.61246871948242,29.117835998535156,1014.50732421875,2020-11-21 02:12:32.127778
32.63166046142578,29.121295928955078,1014.46142578125,2020-11-21 02:12:34.128256
32.61246871948242,29.117835998535156,1014.48828125,2020-11-21 02:12:36.129594
32.439720153808594,29.093612670898438,1014.492431640625,2020-11-21 02:12:38.131264
32.57408142089844,29.11091423034668,1014.486328125,2020-11-21 02:12:40.132341
32.4973030090332,29.10053253173828,1014.4814453125,2020-11-21 02:12:42.133418
32.478111267089844,29.09707260131836,1014.47607421875,2020-11-21 02:12:44.134201
32.478111267089844,29.09707260131836,1014.481689453125,2020-11-21 02:12:46.136205
32.439720153808594,29.093612670898438,1014.494873046875,2020-11-21 02:12:48.138373
32.478111267089844,29.09707260131836,1014.465576171875,2020-11-21 02:12:50.140372
32.57408142089844,29.11091423034668,1014.471435546875,2020-11-21 02:12:52.141541
32.478111267089844,29.09707260131836,1014.4716796875,2020-11-21 02:12:54.141922
32.382137298583984,29.08323097229004,1014.49072265625,2020-11-21 02:12:56.143721
32.57408142089844,29.11091423034668,1014.486328125,2020-11-21 02:12:58.148583
32.478111267089844,29.09707260131836,1014.47607421875,2020-11-21 02:13:00.151177
32.478111267089844,29.09707260131836,1014.474853515625,2020-11-21 02:13:02.151632
32.53569030761719,29.107454299926758,1014.485107421875,2020-11-21 02:13:04.155625
32.4973030090332,29.10053253173828,1014.473876953125,2020-11-21 02:13:06.157939
32.362945556640625,29.079769134521484,1014.454833984375,2020-11-21 02:13:08.158494
32.478111267089844,29.09707260131836,1014.490966796875,2020-11-21 02:13:10.160719
32.34375,29.076309204101562,1014.476806640625,2020-11-21 02:13:12.162073
32.4973030090332,29.10053253173828,1014.48291015625,2020-11-21 02:13:14.163620
32.324554443359375,29.076309204101562,1014.4619140625,2020-11-21 02:13:16.164084
32.362945556640625,29.079769134521484,1014.502197265625,2020-11-21 02:13:18.165658
32.362945556640625,29.079769134521484,1014.4775390625,2020-11-21 02:13:20.168552
32.439720153808594,29.093612670898438,1014.486328125,2020-11-21 02:13:22.170272
32.382137298583984,29.08323097229004,1014.49951171875,2020-11-21 02:13:24.172298
32.478111267089844,29.09707260131836,1014.52294921875,2020-11-21 02:13:26.173686
32.42052459716797,29.090150833129883,1014.52197265625,2020-11-21 02:13:28.175738
32.42052459716797,29.090150833129883,1014.505859375,2020-11-21 02:13:30.177246
32.53569030761719,29.107454299926758,1014.541015625,2020-11-21 02:13:32.177640
32.439720153808594,29.093612670898438,1014.51953125,2020-11-21 02:13:34.178059
32.55488586425781,29.11091423034668,1014.513427734375,2020-11-21 02:13:36.179961
32.53569030761719,29.107454299926758,1014.50537109375,2020-11-21 02:13:38.182031
32.4973030090332,29.10053253173828,1014.47607421875,2020-11-21 02:13:40.185747
32.362945556640625,29.079769134521484,1014.47265625,2020-11-21 02:13:42.187456
32.4973030090332,29.10053253173828,1014.447021484375,2020-11-21 02:13:44.188502
32.382137298583984,29.08323097229004,1014.492431640625,2020-11-21 02:13:46.189316
32.40133285522461,29.08669090270996,1014.463623046875,2020-11-21 02:13:48.189787
32.51649856567383,29.103992462158203,1014.493408203125,2020-11-21 02:13:50.191241
32.478111267089844,29.09707260131836,1014.479736328125,2020-11-21 02:13:52.192621
32.45891571044922,29.093612670898438,1014.480712890625,2020-11-21 02:13:54.194587
32.51649856567383,29.103992462158203,1014.5,2020-11-21 02:13:56.196731
32.478111267089844,29.09707260131836,1014.49951171875,2020-11-21 02:13:58.197650
32.42052459716797,29.090150833129883,1014.529541015625,2020-11-21 02:14:00.198173
32.45891571044922,29.093612670898438,1014.502197265625,2020-11-21 02:14:02.200458
32.42052459716797,29.090150833129883,1014.502685546875,2020-11-21 02:14:04.204019
32.45891571044922,29.093612670898438,1014.481689453125,2020-11-21 02:14:06.218924
32.439720153808594,29.093612670898438,1014.49951171875,2020-11-21 02:14:08.219803
32.34375,29.076309204101562,1014.524169921875,2020-11-21 02:14:10.223362
32.305362701416016,29.07284927368164,1014.479248046875,2020-11-21 02:14:12.225203
32.478111267089844,29.09707260131836,1014.499267578125,2020-11-21 02:14:14.226059
32.4973030090332,29.10053253173828,1014.497802734375,2020-11-21 02:14:16.230349
32.324554443359375,29.076309204101562,1014.504150390625,2020-11-21 02:14:18.231000
32.382137298583984,29.08323097229004,1014.500732421875,2020-11-21 02:14:20.232861
32.45891571044922,29.093612670898438,1014.495361328125,2020-11-21 02:14:22.236497
32.382137298583984,29.08323097229004,1014.5,2020-11-21 02:14:24.237132
32.362945556640625,29.079769134521484,1014.509521484375,2020-11-21 02:14:26.240840
32.42052459716797,29.090150833129883,1014.490966796875,2020-11-21 02:14:28.242785
32.42052459716797,29.090150833129883,1014.493408203125,2020-11-21 02:14:30.244642
32.382137298583984,29.08323097229004,1014.5498046875,2020-11-21 02:14:32.245845
32.382137298583984,29.08323097229004,1014.53369140625,2020-11-21 02:14:34.246719
32.478111267089844,29.09707260131836,1014.54638671875,2020-11-21 02:14:36.250287
32.324554443359375,29.076309204101562,1014.53173828125,2020-11-21 02:14:38.250787
32.45891571044922,29.093612670898438,1014.532470703125,2020-11-21 02:14:40.253021
32.382137298583984,29.08323097229004,1014.5361328125,2020-11-21 02:14:42.253444
32.34375,29.076309204101562,1014.52783203125,2020-11-21 02:14:44.254583
32.305362701416016,29.07284927368164,1014.51806640625,2020-11-21 02:14:46.258586
32.22858428955078,29.059005737304688,1014.502685546875,2020-11-21 02:14:48.262540
32.305362701416016,29.07284927368164,1014.541015625,2020-11-21 02:14:50.263158
32.26697540283203,29.065927505493164,1014.52880859375,2020-11-21 02:14:52.265959
32.28616714477539,29.069387435913086,1014.5654296875,2020-11-21 02:14:54.266719
32.42052459716797,29.090150833129883,1014.5341796875,2020-11-21 02:14:56.267435
32.247779846191406,29.062467575073242,1014.539306640625,2020-11-21 02:14:58.271967
32.247779846191406,29.062467575073242,1014.520751953125,2020-11-21 02:15:00.273784
32.28616714477539,29.069387435913086,1014.550537109375,2020-11-21 02:15:02.275458
32.28616714477539,29.069387435913086,1014.53125,2020-11-21 02:15:04.276169
32.324554443359375,29.076309204101562,1014.512451171875,2020-11-21 02:15:06.277884
32.26697540283203,29.065927505493164,1014.53955078125,2020-11-21 02:15:08.285442
32.247779846191406,29.062467575073242,1014.5390625,2020-11-21 02:15:10.287487
32.28616714477539,29.069387435913086,1014.517822265625,2020-11-21 02:15:12.288386
32.439720153808594,29.093612670898438,1014.51123046875,2020-11-21 02:15:14.293867
32.362945556640625,29.079769134521484,1014.495849609375,2020-11-21 02:15:16.294475
32.22858428955078,29.059005737304688,1014.49951171875,2020-11-21 02:15:18.298615
32.1901969909668,29.055545806884766,1014.509033203125,2020-11-21 02:15:20.298998
32.26697540283203,29.065927505493164,1014.458251953125,2020-11-21 02:15:22.300260
32.28616714477539,29.069387435913086,1014.498779296875,2020-11-21 02:15:24.301209
32.209388732910156,29.059005737304688,1014.46630859375,2020-11-21 02:15:26.302412
32.28616714477539,29.069387435913086,1014.47412109375,2020-11-21 02:15:28.307400
32.15180969238281,29.048625946044922,1014.46875,2020-11-21 02:15:30.309603
32.247779846191406,29.062467575073242,1014.457275390625,2020-11-21 02:15:32.311431
32.209388732910156,29.059005737304688,1014.50244140625,2020-11-21 02:15:34.312131
32.26697540283203,29.065927505493164,1014.492919921875,2020-11-21 02:15:36.314143
32.15180969238281,29.048625946044922,1014.48583984375,2020-11-21 02:15:38.316853
32.209388732910156,29.059005737304688,1014.481201171875,2020-11-21 02:15:40.317446
32.11341857910156,29.041704177856445,1014.520751953125,2020-11-21 02:15:42.319530
32.15180969238281,29.048625946044922,1014.48046875,2020-11-21 02:15:44.320275
32.209388732910156,29.059005737304688,1014.486572265625,2020-11-21 02:15:46.322009
32.17100143432617,29.052085876464844,1014.499755859375,2020-11-21 02:15:48.324070
32.15180969238281,29.048625946044922,1014.484130859375,2020-11-21 02:15:50.325482
32.209388732910156,29.059005737304688,1014.4873046875,2020-11-21 02:15:52.328437
32.15180969238281,29.048625946044922,1014.487060546875,2020-11-21 02:15:54.330758
32.1901969909668,29.055545806884766,1014.499755859375,2020-11-21 02:15:56.331593
32.11341857910156,29.041704177856445,1014.483154296875,2020-11-21 02:15:58.333852
32.17100143432617,29.052085876464844,1014.497802734375,2020-11-21 02:16:00.335866
32.22858428955078,29.059005737304688,1014.47998046875,2020-11-21 02:16:02.336475
32.17100143432617,29.052085876464844,1014.49560546875,2020-11-21 02:16:04.338363
32.22858428955078,29.059005737304688,1014.480224609375,2020-11-21 02:16:06.339101
32.15180969238281,29.048625946044922,1014.482177734375,2020-11-21 02:16:08.341174
32.26697540283203,29.065927505493164,1014.494873046875,2020-11-21 02:16:10.343062
32.209388732910156,29.059005737304688,1014.4931640625,2020-11-21 02:16:12.345074
32.22858428955078,29.059005737304688,1014.4921875,2020-11-21 02:16:14.346782
32.07503128051758,29.038244247436523,1014.483642578125,2020-11-21 02:16:16.348787
32.22858428955078,29.059005737304688,1014.48583984375,2020-11-21 02:16:18.350496
32.247779846191406,29.062467575073242,1014.5166015625,2020-11-21 02:16:20.353843
32.22858428955078,29.059005737304688,1014.505859375,2020-11-21 02:16:22.355883
32.247779846191406,29.062467575073242,1014.4951171875,2020-11-21 02:16:24.357463
32.40133285522461,29.08669090270996,1014.516845703125,2020-11-21 02:16:26.360221
32.34375,29.076309204101562,1014.524169921875,2020-11-21 02:16:28.360956
32.305362701416016,29.07284927368164,1014.495849609375,2020-11-21 02:16:30.363214
32.362945556640625,29.079769134521484,1014.51708984375,2020-11-21 02:16:32.365089
32.26697540283203,29.065927505493164,1014.482177734375,2020-11-21 02:16:34.366760
32.305362701416016,29.07284927368164,1014.4794921875,2020-11-21 02:16:36.367431
32.305362701416016,29.07284927368164,1014.4755859375,2020-11-21 02:16:38.372592
32.305362701416016,29.07284927368164,1014.488037109375,2020-11-21 02:16:40.373494
32.1901969909668,29.055545806884766,1014.473388671875,2020-11-21 02:16:42.374151
32.324554443359375,29.076309204101562,1014.488525390625,2020-11-21 02:16:44.375874
32.382137298583984,29.08323097229004,1014.490966796875,2020-11-21 02:16:46.378998
32.34375,29.076309204101562,1014.499755859375,2020-11-21 02:16:48.379712
32.34375,29.076309204101562,1014.49169921875,2020-11-21 02:16:50.380708
32.305362701416016,29.07284927368164,1014.4931640625,2020-11-21 02:16:52.381387
32.305362701416016,29.07284927368164,1014.5048828125,2020-11-21 02:16:54.381895
32.34375,29.076309204101562,1014.521484375,2020-11-21 02:16:56.382726
32.382137298583984,29.08323097229004,1014.507080078125,2020-11-21 02:16:58.384594
32.34375,29.076309204101562,1014.515625,2020-11-21 02:17:00.386287
32.26697540283203,29.065927505493164,1014.50244140625,2020-11-21 02:17:02.388440
32.26697540283203,29.065927505493164,1014.522705078125,2020-11-21 02:17:04.389447
32.26697540283203,29.065927505493164,1014.498779296875,2020-11-21 02:17:06.391205
32.1901969909668,29.055545806884766,1014.487548828125,2020-11-21 02:17:08.392054
32.28616714477539,29.069387435913086,1014.53076171875,2020-11-21 02:17:10.393784
32.247779846191406,29.062467575073242,1014.52099609375,2020-11-21 02:17:12.394984
32.22858428955078,29.059005737304688,1014.5400390625,2020-11-21 02:17:14.398285
32.324554443359375,29.076309204101562,1014.5361328125,2020-11-21 02:17:16.399834
32.247779846191406,29.062467575073242,1014.54638671875,2020-11-21 02:17:18.401783
32.22858428955078,29.059005737304688,1014.514892578125,2020-11-21 02:17:20.402736
32.209388732910156,29.059005737304688,1014.51123046875,2020-11-21 02:17:22.403663
32.28616714477539,29.069387435913086,1014.488037109375,2020-11-21 02:17:24.405565
32.22858428955078,29.059005737304688,1014.490234375,2020-11-21 02:17:26.406270
32.28616714477539,29.069387435913086,1014.462158203125,2020-11-21 02:17:28.407953
32.209388732910156,29.059005737304688,1014.45947265625,2020-11-21 02:17:30.408827
32.247779846191406,29.062467575073242,1014.507080078125,2020-11-21 02:17:32.411238
32.28616714477539,29.069387435913086,1014.498046875,2020-11-21 02:17:34.411656
32.22858428955078,29.059005737304688,1014.50341796875,2020-11-21 02:17:36.411994
32.247779846191406,29.062467575073242,1014.501953125,2020-11-21 02:17:38.413385
32.26697540283203,29.065927505493164,1014.501953125,2020-11-21 02:17:40.418608
32.209388732910156,29.059005737304688,1014.480712890625,2020-11-21 02:17:42.419456
32.305362701416016,29.07284927368164,1014.496337890625,2020-11-21 02:17:44.422589
32.26697540283203,29.065927505493164,1014.499755859375,2020-11-21 02:17:46.424012
32.26697540283203,29.065927505493164,1014.48681640625,2020-11-21 02:17:48.427502
32.362945556640625,29.079769134521484,1014.48095703125,2020-11-21 02:17:50.438878
32.26697540283203,29.065927505493164,1014.476318359375,2020-11-21 02:17:52.441029
32.305362701416016,29.07284927368164,1014.488037109375,2020-11-21 02:17:54.442852
32.28616714477539,29.069387435913086,1014.480224609375,2020-11-21 02:17:56.444093
32.17100143432617,29.052085876464844,1014.477294921875,2020-11-21 02:17:58.444686
32.362945556640625,29.079769134521484,1014.476318359375,2020-11-21 02:18:00.448839
32.382137298583984,29.08323097229004,1014.500244140625,2020-11-21 02:18:02.450468
32.34375,29.076309204101562,1014.4912109375,2020-11-21 02:18:04.450784
32.209388732910156,29.059005737304688,1014.49169921875,2020-11-21 02:18:06.451468
32.1901969909668,29.055545806884766,1014.469970703125,2020-11-21 02:18:08.451952
32.209388732910156,29.059005737304688,1014.48388671875,2020-11-21 02:18:10.453280
32.324554443359375,29.076309204101562,1014.46630859375,2020-11-21 02:18:12.455313
32.209388732910156,29.059005737304688,1014.4765625,2020-11-21 02:18:14.457146
32.17100143432617,29.052085876464844,1014.4736328125,2020-11-21 02:18:16.458281
32.34375,29.076309204101562,1014.472412109375,2020-11-21 02:18:18.459785
32.247779846191406,29.062467575073242,1014.499267578125,2020-11-21 02:18:20.460389
32.15180969238281,29.059005737304688,1014.464599609375,2020-11-21 02:18:22.461308
32.1901969909668,29.055545806884766,1014.48828125,2020-11-21 02:18:24.462713
32.28616714477539,29.069387435913086,1014.47900390625,2020-11-21 02:18:26.463589
32.305362701416016,29.07284927368164,1014.487548828125,2020-11-21 02:18:28.465539
32.34375,29.076309204101562,1014.479248046875,2020-11-21 02:18:30.467126
32.362945556640625,29.079769134521484,1014.498046875,2020-11-21 02:18:32.467906
32.26697540283203,29.065927505493164,1014.48681640625,2020-11-21 02:18:34.471988
32.362945556640625,29.079769134521484,1014.50634765625,2020-11-21 02:18:36.474939
32.42052459716797,29.090150833129883,1014.503173828125,2020-11-21 02:18:38.476446
32.40133285522461,29.08669090270996,1014.48779296875,2020-11-21 02:18:40.478086
32.382137298583984,29.08323097229004,1014.5048828125,2020-11-21 02:18:42.479014
32.247779846191406,29.062467575073242,1014.467041015625,2020-11-21 02:18:44.480366
32.362945556640625,29.079769134521484,1014.46533203125,2020-11-21 02:18:46.481841
32.247779846191406,29.062467575073242,1014.477294921875,2020-11-21 02:18:48.482730
32.209388732910156,29.059005737304688,1014.4853515625,2020-11-21 02:18:50.484761
32.40133285522461,29.08669090270996,1014.46630859375,2020-11-21 02:18:52.485917
32.362945556640625,29.079769134521484,1014.482177734375,2020-11-21 02:18:54.486618
32.28616714477539,29.069387435913086,1014.477783203125,2020-11-21 02:18:56.487021
32.305362701416016,29.07284927368164,1014.475341796875,2020-11-21 02:18:58.491109
32.40133285522461,29.08669090270996,1014.476318359375,2020-11-21 02:19:00.492133
32.42052459716797,29.090150833129883,1014.467041015625,2020-11-21 02:19:02.493339
32.40133285522461,29.08669090270996,1014.4755859375,2020-11-21 02:19:04.494891
32.28616714477539,29.069387435913086,1014.50341796875,2020-11-21 02:19:06.497845
32.362945556640625,29.079769134521484,1014.50390625,2020-11-21 02:19:08.500810
32.324554443359375,29.076309204101562,1014.489990234375,2020-11-21 02:19:10.507877
32.28616714477539,29.069387435913086,1014.48583984375,2020-11-21 02:19:12.508696
32.26697540283203,29.065927505493164,1014.49609375,2020-11-21 02:19:14.510428
32.26697540283203,29.065927505493164,1014.488037109375,2020-11-21 02:19:16.510885
32.247779846191406,29.062467575073242,1014.4921875,2020-11-21 02:19:18.512815
32.28616714477539,29.069387435913086,1014.50439453125,2020-11-21 02:19:20.516202
32.17100143432617,29.052085876464844,1014.520263671875,2020-11-21 02:19:22.517394
32.382137298583984,29.062467575073242,1014.517333984375,2020-11-21 02:19:24.519493
32.209388732910156,29.059005737304688,1014.5087890625,2020-11-21 02:19:26.521146
32.28616714477539,29.069387435913086,1014.516845703125,2020-11-21 02:19:28.522322
32.209388732910156,29.059005737304688,1014.537841796875,2020-11-21 02:19:30.526103
32.17100143432617,29.052085876464844,1014.517578125,2020-11-21 02:19:32.526892
32.209388732910156,29.059005737304688,1014.529541015625,2020-11-21 02:19:34.527867
32.247779846191406,29.062467575073242,1014.541748046875,2020-11-21 02:19:36.528414
32.11341857910156,29.041704177856445,1014.515869140625,2020-11-21 02:19:38.529481
32.15180969238281,29.048625946044922,1014.51708984375,2020-11-21 02:19:40.532498
32.15180969238281,29.048625946044922,1014.544921875,2020-11-21 02:19:42.536067
32.1901969909668,29.055545806884766,1014.53466796875,2020-11-21 02:19:44.537744
32.22858428955078,29.059005737304688,1014.5048828125,2020-11-21 02:19:46.539223
32.15180969238281,29.048625946044922,1014.53173828125,2020-11-21 02:19:48.544144
32.247779846191406,29.062467575073242,1014.52783203125,2020-11-21 02:19:50.545362
32.17100143432617,29.052085876464844,1014.5087890625,2020-11-21 02:19:52.546633
32.15180969238281,29.048625946044922,1014.4990234375,2020-11-21 02:19:54.547962
32.209388732910156,29.059005737304688,1014.52685546875,2020-11-21 02:19:56.551262
32.209388732910156,29.059005737304688,1014.515625,2020-11-21 02:19:58.555768
32.1901969909668,29.055545806884766,1014.525634765625,2020-11-21 02:20:00.556436
32.247779846191406,29.062467575073242,1014.50537109375,2020-11-21 02:20:02.558253
32.11341857910156,29.041704177856445,1014.508544921875,2020-11-21 02:20:04.560093
32.0942268371582,29.041704177856445,1014.520263671875,2020-11-21 02:20:06.561012
32.11341857910156,29.041704177856445,1014.51123046875,2020-11-21 02:20:08.564943
32.17100143432617,29.052085876464844,1014.53173828125,2020-11-21 02:20:10.567013
32.15180969238281,29.048625946044922,1014.53125,2020-11-21 02:20:12.568247
32.1901969909668,29.055545806884766,1014.501708984375,2020-11-21 02:20:14.570692
32.209388732910156,29.059005737304688,1014.526611328125,2020-11-21 02:20:16.571493
32.209388732910156,29.059005737304688,1014.50146484375,2020-11-21 02:20:18.575677
32.036643981933594,29.031322479248047,1014.510986328125,2020-11-21 02:20:20.578998
32.22858428955078,29.059005737304688,1014.509765625,2020-11-21 02:20:22.582524
32.1901969909668,29.055545806884766,1014.51904296875,2020-11-21 02:20:24.585143
32.1901969909668,29.055545806884766,1014.552734375,2020-11-21 02:20:26.585857
32.17100143432617,29.052085876464844,1014.53271484375,2020-11-21 02:20:28.588625
32.05583953857422,29.03478240966797,1014.51416015625,2020-11-21 02:20:30.590727
32.17100143432617,29.052085876464844,1014.51806640625,2020-11-21 02:20:32.591995
32.07503128051758,29.038244247436523,1014.5263671875,2020-11-21 02:20:34.593069
32.036643981933594,29.031322479248047,1014.49853515625,2020-11-21 02:20:36.597066
32.05583953857422,29.03478240966797,1014.5185546875,2020-11-21 02:20:38.599425
32.11341857910156,29.041704177856445,1014.520751953125,2020-11-21 02:20:40.600974
32.0942268371582,29.041704177856445,1014.515380859375,2020-11-21 02:20:42.601718
32.05583953857422,29.03478240966797,1014.5302734375,2020-11-21 02:20:44.603556
32.15180969238281,29.048625946044922,1014.52001953125,2020-11-21 02:20:46.604759
32.17100143432617,29.052085876464844,1014.51708984375,2020-11-21 02:20:48.607888
32.22858428955078,29.059005737304688,1014.508056640625,2020-11-21 02:20:50.609859
32.15180969238281,29.048625946044922,1014.53271484375,2020-11-21 02:20:52.610731
32.0942268371582,29.041704177856445,1014.501953125,2020-11-21 02:20:54.612034
32.247779846191406,29.062467575073242,1014.53662109375,2020-11-21 02:20:56.613519
32.26697540283203,29.065927505493164,1014.540283203125,2020-11-21 02:20:58.614579
32.305362701416016,29.07284927368164,1014.537109375,2020-11-21 02:21:00.615506
32.26697540283203,29.065927505493164,1014.543701171875,2020-11-21 02:21:02.617310
32.209388732910156,29.059005737304688,1014.552001953125,2020-11-21 02:21:04.618512
32.28616714477539,29.069387435913086,1014.53125,2020-11-21 02:21:06.621671
32.15180969238281,29.048625946044922,1014.52783203125,2020-11-21 02:21:08.623979
32.13261413574219,29.045164108276367,1014.535400390625,2020-11-21 02:21:10.627347
32.036643981933594,29.031322479248047,1014.537353515625,2020-11-21 02:21:12.629467
32.17100143432617,29.052085876464844,1014.52685546875,2020-11-21 02:21:14.631512
32.0942268371582,29.041704177856445,1014.53515625,2020-11-21 02:21:16.634299
32.05583953857422,29.03478240966797,1014.522705078125,2020-11-21 02:21:18.635008
32.13261413574219,29.045164108276367,1014.549560546875,2020-11-21 02:21:20.635852
32.17100143432617,29.052085876464844,1014.527099609375,2020-11-21 02:21:22.639248
32.05583953857422,29.03478240966797,1014.50439453125,2020-11-21 02:21:24.640535
32.13261413574219,29.045164108276367,1014.534912109375,2020-11-21 02:21:26.641920
32.05583953857422,29.03478240966797,1014.511962890625,2020-11-21 02:21:28.642265
32.05583953857422,29.03478240966797,1014.552490234375,2020-11-21 02:21:30.643682
32.0942268371582,29.041704177856445,1014.524658203125,2020-11-21 02:21:32.646300
32.0942268371582,29.041704177856445,1014.531982421875,2020-11-21 02:21:34.647350
32.0942268371582,29.041704177856445,1014.537109375,2020-11-21 02:21:36.649041
31.998254776000977,29.027862548828125,1014.494873046875,2020-11-21 02:21:38.652938
32.07503128051758,29.038244247436523,1014.521240234375,2020-11-21 02:21:40.653441
31.998254776000977,29.02440071105957,1014.52685546875,2020-11-21 02:21:42.653909
32.11341857910156,29.041704177856445,1014.523681640625,2020-11-21 02:21:44.657271
32.05583953857422,29.03478240966797,1014.549072265625,2020-11-21 02:21:46.658129
32.17100143432617,29.052085876464844,1014.51806640625,2020-11-21 02:21:48.659543
32.05583953857422,29.03478240966797,1014.540771484375,2020-11-21 02:21:50.660299
32.13261413574219,29.045164108276367,1014.529052734375,2020-11-21 02:21:52.662235
32.0942268371582,29.041704177856445,1014.56787109375,2020-11-21 02:21:54.662755
32.01744842529297,29.027862548828125,1014.5693359375,2020-11-21 02:21:56.664253
32.05583953857422,29.03478240966797,1014.574951171875,2020-11-21 02:21:58.665927
32.05583953857422,29.03478240966797,1014.576416015625,2020-11-21 02:22:00.668447
31.998254776000977,29.02440071105957,1014.576904296875,2020-11-21 02:22:02.670061
32.13261413574219,29.045164108276367,1014.581298828125,2020-11-21 02:22:04.671612
31.95986557006836,29.02094078063965,1014.5517578125,2020-11-21 02:22:06.673007
31.979061126708984,29.02440071105957,1014.562744140625,2020-11-21 02:22:08.674675
31.998254776000977,29.02440071105957,1014.553955078125,2020-11-21 02:22:10.675091
31.95986557006836,29.02094078063965,1014.551025390625,2020-11-21 02:22:12.679258
31.95986557006836,29.02094078063965,1014.5341796875,2020-11-21 02:22:14.680429
31.979061126708984,29.02440071105957,1014.530029296875,2020-11-21 02:22:16.683934
31.95986557006836,29.02094078063965,1014.566650390625,2020-11-21 02:22:18.684928
32.036643981933594,29.031322479248047,1014.588623046875,2020-11-21 02:22:20.685722
31.95986557006836,29.02094078063965,1014.5673828125,2020-11-21 02:22:22.687411
32.036643981933594,29.031322479248047,1014.56201171875,2020-11-21 02:22:24.688977
31.95986557006836,29.02094078063965,1014.51318359375,2020-11-21 02:22:26.689600
31.998254776000977,29.02440071105957,1014.513916015625,2020-11-21 02:22:28.690476
32.01744842529297,29.027862548828125,1014.499267578125,2020-11-21 02:22:30.692045
32.05583953857422,29.03478240966797,1014.514892578125,2020-11-21 02:22:32.693959
32.07503128051758,29.038244247436523,1014.50390625,2020-11-21 02:22:34.694301
32.0942268371582,29.041704177856445,1014.516357421875,2020-11-21 02:22:36.694886
31.902284622192383,29.01055908203125,1014.51904296875,2020-11-21 02:22:38.697957
32.01744842529297,29.038244247436523,1014.5068359375,2020-11-21 02:22:40.701959
32.15180969238281,29.048625946044922,1014.48974609375,2020-11-21 02:22:42.703392
31.95986557006836,29.02094078063965,1014.48681640625,2020-11-21 02:22:44.703964
32.0942268371582,29.041704177856445,1014.504638671875,2020-11-21 02:22:46.704331
32.11341857910156,29.041704177856445,1014.482177734375,2020-11-21 02:22:48.706854
31.998254776000977,29.02440071105957,1014.48681640625,2020-11-21 02:22:50.707873
31.95986557006836,29.02094078063965,1014.48828125,2020-11-21 02:22:52.708979
32.07503128051758,29.038244247436523,1014.5107421875,2020-11-21 02:22:54.712873
32.13261413574219,29.045164108276367,1014.492431640625,2020-11-21 02:22:56.714361
32.036643981933594,29.031322479248047,1014.511962890625,2020-11-21 02:22:58.723200
31.979061126708984,29.02440071105957,1014.50146484375,2020-11-21 02:23:00.724258
32.05583953857422,29.03478240966797,1014.50830078125,2020-11-21 02:23:02.726972
32.13261413574219,29.045164108276367,1014.50146484375,2020-11-21 02:23:04.730540
32.01744842529297,29.027862548828125,1014.492431640625,2020-11-21 02:23:06.732464
32.036643981933594,29.031322479248047,1014.505126953125,2020-11-21 02:23:08.736692
32.01744842529297,29.027862548828125,1014.5126953125,2020-11-21 02:23:10.738426
31.921478271484375,29.014019012451172,1014.48095703125,2020-11-21 02:23:12.738880
32.11341857910156,29.041704177856445,1014.515625,2020-11-21 02:23:14.739771
32.05583953857422,29.03478240966797,1014.496826171875,2020-11-21 02:23:16.741896
32.036643981933594,29.031322479248047,1014.490478515625,2020-11-21 02:23:18.742335
31.998254776000977,29.02440071105957,1014.511962890625,2020-11-21 02:23:20.744904
32.0942268371582,29.041704177856445,1014.517333984375,2020-11-21 02:23:22.750102
31.95986557006836,29.02094078063965,1014.49072265625,2020-11-21 02:23:24.751575
32.07503128051758,29.038244247436523,1014.493408203125,2020-11-21 02:23:26.751920
31.998254776000977,29.02440071105957,1014.52001953125,2020-11-21 02:23:28.759006
31.844701766967773,29.003639221191406,1014.504638671875,2020-11-21 02:23:30.760245
31.95986557006836,29.02094078063965,1014.51806640625,2020-11-21 02:23:32.762273
31.902284622192383,29.01055908203125,1014.494140625,2020-11-21 02:23:34.764193
31.95986557006836,29.02094078063965,1014.504150390625,2020-11-21 02:23:36.767763
31.998254776000977,29.02440071105957,1014.517822265625,2020-11-21 02:23:38.769159
32.01744842529297,29.027862548828125,1014.526611328125,2020-11-21 02:23:40.769997
31.998254776000977,29.02440071105957,1014.517333984375,2020-11-21 02:23:42.771912
32.036643981933594,29.031322479248047,1014.508056640625,2020-11-21 02:23:44.772552
31.921478271484375,29.014019012451172,1014.5224609375,2020-11-21 02:23:46.773166
31.88309097290039,29.007099151611328,1014.522216796875,2020-11-21 02:23:48.773833
32.036643981933594,29.031322479248047,1014.52294921875,2020-11-21 02:23:50.775338
31.902284622192383,29.01055908203125,1014.532958984375,2020-11-21 02:23:52.775893
31.979061126708984,29.02440071105957,1014.509521484375,2020-11-21 02:23:54.776866
31.921478271484375,29.014019012451172,1014.51171875,2020-11-21 02:23:56.778261
32.11341857910156,29.041704177856445,1014.514892578125,2020-11-21 02:23:58.780524
32.036643981933594,29.031322479248047,1014.5390625,2020-11-21 02:24:00.781754
31.921478271484375,29.014019012451172,1014.505615234375,2020-11-21 02:24:02.782345
32.05583953857422,29.03478240966797,1014.52587890625,2020-11-21 02:24:04.782971
31.863895416259766,29.007099151611328,1014.5302734375,2020-11-21 02:24:06.784458
32.036643981933594,29.031322479248047,1014.520751953125,2020-11-21 02:24:08.786979
32.01744842529297,29.027862548828125,1014.53369140625,2020-11-21 02:24:10.788963
31.902284622192383,29.01055908203125,1014.509033203125,2020-11-21 02:24:12.790839
31.921478271484375,29.014019012451172,1014.53466796875,2020-11-21 02:24:14.791513
31.95986557006836,29.02094078063965,1014.5009765625,2020-11-21 02:24:16.793397
32.01744842529297,29.027862548828125,1014.502685546875,2020-11-21 02:24:18.794986
31.902284622192383,29.01055908203125,1014.514404296875,2020-11-21 02:24:20.798204
31.940673828125,29.017480850219727,1014.54248046875,2020-11-21 02:24:22.800277
32.01744842529297,29.027862548828125,1014.534423828125,2020-11-21 02:24:24.802049
31.998254776000977,29.02440071105957,1014.511474609375,2020-11-21 02:24:26.803454
31.921478271484375,29.014019012451172,1014.51904296875,2020-11-21 02:24:28.804835
31.95986557006836,29.02094078063965,1014.483642578125,2020-11-21 02:24:30.805694
31.979061126708984,29.02440071105957,1014.497802734375,2020-11-21 02:24:32.806716
31.902284622192383,29.01055908203125,1014.529541015625,2020-11-21 02:24:34.808557
31.88309097290039,29.007099151611328,1014.546630859375,2020-11-21 02:24:36.810640
31.979061126708984,29.02440071105957,1014.522705078125,2020-11-21 02:24:38.813035
31.88309097290039,29.007099151611328,1014.53955078125,2020-11-21 02:24:40.813555
31.940673828125,29.017480850219727,1014.540283203125,2020-11-21 02:24:42.815273
31.863895416259766,29.007099151611328,1014.5439453125,2020-11-21 02:24:44.816306
31.844701766967773,29.003639221191406,1014.52685546875,2020-11-21 02:24:46.818972
31.95986557006836,29.02094078063965,1014.5400390625,2020-11-21 02:24:48.821396
31.863895416259766,29.007099151611328,1014.536865234375,2020-11-21 02:24:50.821837
31.95986557006836,29.02094078063965,1014.54345703125,2020-11-21 02:24:52.822929
31.902284622192383,29.01055908203125,1014.514892578125,2020-11-21 02:24:54.823915
31.902284622192383,29.01055908203125,1014.52099609375,2020-11-21 02:24:56.825431
31.88309097290039,29.007099151611328,1014.50927734375,2020-11-21 02:24:58.830571
31.82550811767578,29.00017738342285,1014.505615234375,2020-11-21 02:25:00.832355
31.902284622192383,29.01055908203125,1014.497314453125,2020-11-21 02:25:02.834002
31.902284622192383,29.01055908203125,1014.516357421875,2020-11-21 02:25:04.836174
31.88309097290039,29.007099151611328,1014.497802734375,2020-11-21 02:25:06.839222
31.863895416259766,29.007099151611328,1014.529052734375,2020-11-21 02:25:08.850326
31.95986557006836,29.02094078063965,1014.506103515625,2020-11-21 02:25:10.850793
31.902284622192383,29.01055908203125,1014.52001953125,2020-11-21 02:25:12.851165
31.979061126708984,29.02440071105957,1014.509765625,2020-11-21 02:25:14.852332
31.921478271484375,29.014019012451172,1014.522705078125,2020-11-21 02:25:16.857244
31.940673828125,29.017480850219727,1014.501220703125,2020-11-21 02:25:18.859333
31.844701766967773,29.003639221191406,1014.51171875,2020-11-21 02:25:20.860091
31.95986557006836,29.02094078063965,1014.5166015625,2020-11-21 02:25:22.861744
31.902284622192383,29.01055908203125,1014.52685546875,2020-11-21 02:25:24.865116
31.902284622192383,29.01055908203125,1014.53662109375,2020-11-21 02:25:26.865741
31.863895416259766,29.007099151611328,1014.507080078125,2020-11-21 02:25:28.867606
31.82550811767578,29.00017738342285,1014.546142578125,2020-11-21 02:25:30.869762
31.82550811767578,29.00017738342285,1014.529052734375,2020-11-21 02:25:32.871755
31.82550811767578,29.00017738342285,1014.512939453125,2020-11-21 02:25:34.873052
31.921478271484375,29.014019012451172,1014.520263671875,2020-11-21 02:25:36.874880
31.806312561035156,28.99671745300293,1014.518310546875,2020-11-21 02:25:38.875370
31.767925262451172,28.989795684814453,1014.552734375,2020-11-21 02:25:40.877585
31.844701766967773,29.003639221191406,1014.525634765625,2020-11-21 02:25:42.879662
31.787118911743164,28.993257522583008,1014.52734375,2020-11-21 02:25:44.882198
31.767925262451172,28.989795684814453,1014.5009765625,2020-11-21 02:25:46.884359
31.806312561035156,28.99671745300293,1014.51220703125,2020-11-21 02:25:48.885761
31.806312561035156,28.99671745300293,1014.538818359375,2020-11-21 02:25:50.886770
31.748729705810547,28.989795684814453,1014.533203125,2020-11-21 02:25:52.888205
31.787118911743164,28.993257522583008,1014.536865234375,2020-11-21 02:25:54.889977
31.863895416259766,29.007099151611328,1014.528564453125,2020-11-21 02:25:56.890926
31.806312561035156,28.99671745300293,1014.52197265625,2020-11-21 02:25:58.894772
31.748729705810547,28.989795684814453,1014.53125,2020-11-21 02:26:00.896576
31.88309097290039,29.007099151611328,1014.548095703125,2020-11-21 02:26:02.897060
31.844701766967773,29.003639221191406,1014.538330078125,2020-11-21 02:26:04.897404
31.863895416259766,29.007099151611328,1014.531494140625,2020-11-21 02:26:06.899206
31.844701766967773,29.003639221191406,1014.52734375,2020-11-21 02:26:08.899962
31.82550811767578,29.00017738342285,1014.51904296875,2020-11-21 02:26:10.905639
31.844701766967773,29.003639221191406,1014.59375,2020-11-21 02:26:12.907207
31.806312561035156,28.99671745300293,1014.55029296875,2020-11-21 02:26:14.909200
31.787118911743164,28.993257522583008,1014.5888671875,2020-11-21 02:26:16.910135
31.748729705810547,28.989795684814453,1014.57958984375,2020-11-21 02:26:18.913943
31.82550811767578,29.00017738342285,1014.602294921875,2020-11-21 02:26:20.915659
31.806312561035156,28.99671745300293,1014.5712890625,2020-11-21 02:26:22.917033
